{
    "SHANTI RETNANING T": {
        "host": "dila"
    },
    "YUSSYAFRIDA C.I": {
        "host": "dila"
    },
    "KATSRUR RIZKY": {
        "host": "dila"
    },
    "RIZKA AZIZAH": {
        "host": "dila"
    },
    "SULAIMAH & RIFA'I": {
        "host": "dila"
    },
    "ASMAWATI NINGSIH": {
        "host": "dila"
    },
    "ALI": {
        "host": "dila"
    },
    "AMELIA": {
        "host": "dila"
    },
    "NURUL CHOLIFAH (DIYA)": {
        "host": "dila"
    },
    "BAGUS PRASETYO": {
        "host": "dila"
    },
    "REGITHA DIAH PRAMESTI": {
        "host": "dila"
    },
    "LULUK": {
        "host": "dila"
    },
    "DELA": {
        "host": "dila"
    },
    "FITRIA": {
        "host": "dila"
    },
    "SITI NUR MAHMUDAH": {
        "host": "dila"
    },
    "FAIDHOTUL KHOIROT": {
        "host": "dila"
    },
    "YARANDA & WANDIATI": {
        "host": "dila"
    },
    "MEGA SULVIA SEPTIANI": {
        "host": "dila"
    },
    "M.SOBIRIN": {
        "host": "dila"
    },
    "DYCKA HARISTHAMA": {
        "host": "dila"
    },
    "DESY SUGIARTI": {
        "host": "dila"
    },
    "ALDIN PRATAMA": {
        "host": "dila"
    },
    "BIMA RANGGA": {
        "host": "dila"
    },
    "RAFIK AL HARIRI": {
        "host": "dila"
    },
    "M.SOLEHUDIN": {
        "host": "dila"
    },
    "M.PUJIANTO": {
        "host": "dila"
    },
    "YUFIDULLOH AHSANA B": {
        "host": "dila"
    },
    "MARZUKI": {
        "host": "dila"
    },
    "M.AFIF RAHMATULLAH": {
        "host": "dila"
    },
    "JENNY MAULIDIANA (TKJ 2)": {
        "host": "dila"
    },
    "SAIFUL RIDUWAN": {
        "host": "dila"
    },
    "ASRORI": {
        "host": "dila"
    },
    "NIKOLAS SYAHRUL AFFANDI": {
        "host": "dila"
    },
    "M.IRFAN CHANAFI": {
        "host": "dila"
    },
    "AGIL TRI SETIAWAN": {
        "host": "dila"
    },
    "TOMMY FERDIAN HARDIMARTA": {
        "host": "dila"
    },
    "MELINA & REZA": {
        "host": "dila"
    },
    "EMA ROSITASARI": {
        "host": "dila"
    },
    "FARIDA": {
        "host": "dila"
    },
    "ALFIA IRMA S.": {
        "host": "dila"
    },
    "KIEVIN ABDIRROHMAN": {
        "host": "dila",
        "hiderek": true
    },
    "ELSA SABRINA": {
        "host": "dila"
    },
    "WAVIANUR PUTRI ITTAQULLAH": {
        "host": "dila"
    },
    "NUKE YUNILDA ADEN FARADILLAH": {
        "host": "dila"
    },
    "EKA FITRIA WULANDARI": {
        "host": "dila"
    },
    "FIDYA ASRINI": {
        "host": "dila"
    },
    "DIANGGI NOOR AYU ASTARI PUTRI": {
        "host": "dila"
    },
    "DISMA YUNITA SARI": {
        "host": "dila"
    },
    "YARROSHIKA WIKANDARI": {
        "host": "dila"
    },
    "SYAIFUDIN": {
        "host": "dila"
    },
    "HJ. MASRUKHA": {
        "host": "dila" 
    },
    "B.KHOTIMAH": {
        "host": "dila" 
    },
    "B.AISHA": {
        "host": "dila" 
    },
    "SUCI": {
        "host": "dila" 
    },
    "LUTFAN": {
        "host": "dila" 
    },
    "HJ.SRIAH": {
        "host": "dila" 
    },
    "TIYE": {
        "host": "dila" 
    },
    "SARMIYATI": {
        "host": "dila" 
    },
    "KARIMAH": {
        "host": "dila" 
    },
    "SUPI'AH": {
        "host": "dila" 
    },
    "SAMROH": {
        "host": "dila" 
    },
    "MURNANI": {
        "host": "dila" 
    },
    "SHOFI": {
        "host": "dila" 
    },
    "SISE": {
        "host": "dila" 
    },
    "SITI MAISAROH": {
        "host": "dila" 
    },
    "ROHA": {
        "host": "dila" 
    },
    "IKA": {
        "host": "dila" 
    },
    "EFENDI": {
        "host": "dila" 
    },
    "IDA": {
        "host": "dila" 
    },
    "ITA": {
        "host": "dila" 
    },
    "SUSWATI": {
        "host": "dila" 
    },
    "ANI": {
        "host": "dila" 
    },
    "NUR BAITI": {
        "host": "dila" 
    },
    "HJ.WATI": {
        "host": "dila" 
    },
    "JATINI": {
        "host": "dila" 
    },
    "NARSE": {
        "host": "dila" 
    },
    "SULIK": {
        "host": "dila" 
    },
    "NURUL": {
        "host": "dila" 
    },
    "RIZKI": {
        "host": "dila" 
    },
    "YANTI": {
        "host": "dila" 
    },
    "YUNING": {
        "host": "dila" 
    },
    "ZAINAB R.": {
        "host": "dila" 
    },
    "MUS": {
        "host": "dila" 
    },
    "BUNDA SUSI": {
        "host": "dila" 
    },
    "KASTEN": {
        "host": "dila" 
    },
    "SINAB": {
        "host": "dila" 
    },
    "HJ.ANIS": {
        "host": "dila" 
    },
    "ROMLAH": {
        "host": "dila" 
    },
    "HASYIM": {
        "host": "dila" 
    },
    "NUR RIYATI": {
        "host": "dila" 
    },
    "SUWARNI": {
        "host": "dila" 
    },
    "AISYA": {
        "host": "dila" 
    },
    "MUNIRO": {
        "host": "dila" 
    },
    "KATIYAH": {
        "host": "dila" 
    },
    "EKA": {
        "host": "dila" 
    },
    "EMI": {
        "host": "dila" 
    },
    "TATIK": {
        "host": "dila" 
    },
    "SOFIA": {
        "host": "dila" 
    },
    "MILA": {
        "host": "dila" 
    },
    "JUREMI": {
        "host": "dila" 
    },
    "ANIK": {
        "host": "dila" 
    },
    "AFIFA": {
        "host": "dila" 
    },
    "HJ.SITI": {
        "host": "dila" 
    },
    "MUSTAMAH": {
        "host": "dila" 
    },
    "PRAPTI": {
        "host": "dila" 
    },
    "ROKANI": {
        "host": "dila" 
    },
    "SUMARTEN": {
        "host": "dila" 
    },
    "MANSYUR": {
        "host": "dila"
    },
    "TUKIYAH": {
        "host": "dila"
    },
    "HOSIMA": {
        "host": "dila"
    },
    "YULI": {
        "host": "dila"
    },
    "IPHA": {
        "host": "dila"
    },
    "TIKA": {
        "host": "dila"
    },
    "HJ.ATIK": {
        "host": "dila"
    },
    "B.SEMI": {
        "host": "dila"
    },
    "EEN": {
        "host": "dila"
    },
    "HJ.LARSO": {
        "host": "dila"
    },
    "IFA": {
        "host": "dila"
    },
    "DEWI": {
        "host": "dila"
    },
    "MARGARETHA": {
        "host": "dila"
    },
    "ALIYA": {
        "host": "dila"
    },
    "ELIS": {
        "host": "dila"
    },
    "B. BAMBANG": {
        "host": "dila"
    },
    "B.KODIR": {
        "host": "dila"
    },
    "B.HARTO": {
        "host": "dila"
    },
    "SRI (SALAM)": {
        "host": "dila"
    },
    "IMAH": {
        "host": "dila"
    },
    "ALEX": {
        "host": "dila"
    },
    "ROSIDE": {
        "host": "dila"
    },
    "MAKRUFA": {
        "host": "dila"
    },
    "SRI RAHAYU": {
        "host": "dila"
    },
    "MAK NYUT (SUTINEM)": {
        "host": "dila"
    },
    "PIPIT": {
        "host": "dila"
    },
    "SUMANIYAH": {
        "host": "dila"
    },
    "WIWIK": {
        "host": "dila"
    },
    "SALMA": {
        "host": "dila"
    },
    "HARTATIK": {
        "host": "dila"
    },
    "RENI": {
        "host": "dila"
    },
    "NURYANA": {
        "host": "dila"
    },
    "DARMANI": {
        "host": "dila"
    },
    "IDA RT": {
        "host": "dila"
    },
    "UMI MUER": {
        "host": "dila"
    },
    "TATIK ETAK": {
        "host": "dila"
    },
    "SULIYAH (PI'I)": {
        "host": "dila"
    },
    "AMANAH": {
        "host": "dila"
    },
    "B. AS": {
        "host": "dila"
    },
    "HJ. AMA": {
        "host": "dila"
    },
    "MARIYAM": {
        "host": "dila"
    },
    "BUNDA AMINA": {
        "host": "dila"
    },
    "IBU JABIR": {
        "host": "dila"
    },
    "MAS AHMAD": {
        "host": "dila"
    },
    "IPA ARISAN": {
        "host": "dila"
    },
    "DEWI (ANIS)": {
        "host": "dila"
    },
    "KINANTI": {
        "host": "dila"
    },
    "DINDA": {
        "host": "dila"
    },
    "ARIN": {
        "host": "dila"
    },
    "SALAMA": {
        "host": "dila"
    },
    "TUTIK": {
        "host": "dila"
    },
    "NDUS": {
        "host": "dila"
    },
    "JOKO": {
        "host": "dila"
    },
    "ARDYNEZA TRI NUGROHO": {
        "host": "daffa"
    },
    "JOHANES ADITYA KURNIAWAN": {
        "host": "daffa"
    },
    "IGOR MAHAPUTRA": {
        "host": "daffa"
    },
    "RAYMOND ANDREAS": {
        "host": "daffa"
    },
    "BADRUL MUNIR": {
        "host": "daffa"
    },
    "RISKI DWI PUTRO": {
        "host": "daffa"
    },
    "ESMU PRIYO YUWONO": {
        "host": "daffa"
    },
    "FADLI ANUGRAH EMAS": {
        "host": "daffa"
    },
    "AGUNG PRAMONO PUTRO": {
        "host": "daffa"
    },
    "ADITYA CHANDRA": {
        "host": "daffa"
    },
    "M. NASRULLAH": {
        "host": "daffa"
    },
    "RISKI SUDARMANTO": {
        "host": "daffa"
    },
    "AIE SIERLY NELA RAHMAH": {
        "host": "daffa"
    },
    "ASRI PUTRI LAILATUL FAJRIA": {
        "host": "daffa"
    },
    "HARISMA KHOIRUN NISA": {
        "host": "daffa"
    },
    "WAHYU RAMADHAN": {
        "host": "daffa"
    },
    "PASNO": {
        "host": "daffa"
    },
    "BAGUS": {
        "host": "daffa"
    },
    "TOMI": {
        "host": "daffa"
    },
    "FAKHRIAN": {
        "host": "daffa"
    },
    "WAHYU HIDAYAH": {
        "host": "daffa"
    },
    "FAISAL": {
        "host": "daffa"
    },
    "RENANDA": {
        "host": "daffa"
    },
    "HANAFI": {
        "host": "daffa"
    },
    "TRIAS ANANTA": {
        "host": "daffa"
    },
    "ANANDA GALANG MUSLIM": {
        "host": "daffa"
    },
    "ALDI SURYA": {
        "host": "daffa"
    },
    "IZZATUL KHULUQIYAH": {
        "host": "daffa"
    },
    "SINTA AYU SABILLAH": {
        "host": "daffa"
    },
    "TRIA RIZKY": {
        "host": "daffa"
    },
    "DINI TRIANA": {
        "host": "daffa"
    },
    "NATARYN SILKYNTA": {
        "host": "daffa"
    },
    "AFIFAH MILATINA": {
        "host": "daffa"
    },
    "AINUN JARIYAH": {
        "host": "daffa"
    },
    "ANISA KURNIAWATI": {
        "host": "daffa"
    },
    "APRILIA EVA NANDA": {
        "host": "daffa"
    },
    "ASNAL MALA": {
        "host": "daffa"
    },
    "DANY MAULIDYAH": {
        "host": "daffa"
    },
    "DIAN SAFITRI": {
        "host": "daffa"
    },
    "DIANDAH RIDNYA B": {
        "host": "daffa"
    },
    "DUWI ANI SAKDIYAH": {
        "host": "daffa"
    },
    "ELINA NI'MATUL ULA": {
        "host": "daffa"
    },
    "FITRI AURIL WULANDARI": {
        "host": "daffa"
    },
    "HALALIL LUTFIYAH": {
        "host": "daffa"
    },
    "HARDIYAN ACHMAD": {
        "host": "daffa"
    },
    "LAILATUL BADRIYAH": {
        "host": "daffa"
    },
    "LAILATUL MAULIDYAH": {
        "host": "daffa"
    },
    "LATIFAH": {
        "host": "daffa"
    },
    "M. MUSLICH": {
        "host": "daffa"
    },
    "M. SUGIANTO": {
        "host": "daffa"
    },
    "M. IQBAL ARDIANSYAH": {
        "host": "daffa"
    },
    "M. NUR WAKHID": {
        "host": "daffa"
    },
    "NAFIDATIL LAILI": {
        "host": "daffa"
    },
    "NAYLIYYATUR RIZQIYAH": {
        "host": "daffa"
    },
    "NUR AINI JULIA PUTRI": {
        "host": "daffa"
    },
    "NURUL FITRIYAH": {
        "host": "daffa"
    },
    "RAHMAT SYAIFUDIN": {
        "host": "daffa"
    },
    "REGA NANDA APRIAN": {
        "host": "daffa"
    },
    "SITI ASTUTIK": {
        "host": "daffa"
    },
    "TEGUH ADI SAPUTRA": {
        "host": "daffa"
    },
    "AJI PUTRA": {
        "host": "daffa"
    },
    "BACHTIAR PUTERA": {
        "host": "daffa"
    },
    "BASHORY TRI": {
        "host": "daffa"
    },
    "DENA INDAH": {
        "host": "daffa"
    },
    "DENATAN BAGUS": {
        "host": "daffa"
    },
    "FAKHRIYAN ZULFAHMI": {
        "host": "daffa"
    },
    "FAISAL WAFA": {
        "host": "daffa"
    },
    "INEKE SUSILOWATI": {
        "host": "daffa"
    },
    "KRISNA WIDIANGGARA": {
        "host": "daffa"
    },
    "LINDA PUSPITA": {
        "host": "daffa"
    },
    "NURHIDAYAT ALDILLA": {
        "host": "daffa"
    },
    "ROBERTUS WANDA": {
        "host": "daffa"
    },
    "SATRIA PUTRA": {
        "host": "daffa"
    },
    "SATRIA DIPA": {
        "host": "daffa"
    },
    "SUSI SUSANTI": {
        "host": "daffa"
    },
    "TAUFIK PRAYITNO": {
        "host": "daffa"
    },
    "MAS RIO KOS": {
        "host": "daffa"
    },
    "IED ANDRO MEDHA": {
        "host": "dila",
        "hiderek": true
    },
    "RIZKI ANISA": {
        "host": "dila",
        "hiderek": true
    }
}